{
"meta":{"test_sets":[],"test_metrics":[],"learn_metrics":[{"best_value":"Min","name":"Logloss"}],"launch_mode":"Train","parameters":"","iteration_count":100,"learn_sets":["learn"],"name":"experiment"},
"iterations":[
{"learn":[0.6895321369],"iteration":0,"passed_time":0.008081609316,"remaining_time":0.8000793223},
{"learn":[0.6859703117],"iteration":1,"passed_time":0.0169654969,"remaining_time":0.8313093481},
{"learn":[0.6826215961],"iteration":2,"passed_time":0.02630793228,"remaining_time":0.8506231437},
{"learn":[0.6792760477],"iteration":3,"passed_time":0.03612509898,"remaining_time":0.8670023756},
{"learn":[0.6759994528],"iteration":4,"passed_time":0.04446450544,"remaining_time":0.8448256033},
{"learn":[0.6728309321],"iteration":5,"passed_time":0.05461460437,"remaining_time":0.8556288018},
{"learn":[0.6696414814],"iteration":6,"passed_time":0.0636814425,"remaining_time":0.8460534504},
{"learn":[0.6665966146],"iteration":7,"passed_time":0.07360961157,"remaining_time":0.8465105331},
{"learn":[0.663539207],"iteration":8,"passed_time":0.08336518484,"remaining_time":0.8429146467},
{"learn":[0.6605563598],"iteration":9,"passed_time":0.09231522092,"remaining_time":0.8308369882},
{"learn":[0.6577082095],"iteration":10,"passed_time":0.1018460384,"remaining_time":0.8240270379},
{"learn":[0.6549124912],"iteration":11,"passed_time":0.1112003302,"remaining_time":0.815469088},
{"learn":[0.6522316953],"iteration":12,"passed_time":0.120610452,"remaining_time":0.8071622554},
{"learn":[0.649426475],"iteration":13,"passed_time":0.1305655041,"remaining_time":0.8020452393},
{"learn":[0.6468824732],"iteration":14,"passed_time":0.1404783318,"remaining_time":0.79604388},
{"learn":[0.6440669377],"iteration":15,"passed_time":0.1503577319,"remaining_time":0.7893780923},
{"learn":[0.6413671807],"iteration":16,"passed_time":0.1594070794,"remaining_time":0.7782816228},
{"learn":[0.6387728013],"iteration":17,"passed_time":0.1693987684,"remaining_time":0.7717055006},
{"learn":[0.6361460639],"iteration":18,"passed_time":0.1776331854,"remaining_time":0.7572783165},
{"learn":[0.633637031],"iteration":19,"passed_time":0.1871719298,"remaining_time":0.7486877193},
{"learn":[0.6312147143],"iteration":20,"passed_time":0.1957119515,"remaining_time":0.7362497224},
{"learn":[0.6288581409],"iteration":21,"passed_time":0.2049010485,"remaining_time":0.7264673538},
{"learn":[0.6264701512],"iteration":22,"passed_time":0.2154466211,"remaining_time":0.7212778186},
{"learn":[0.6244137886],"iteration":23,"passed_time":0.2243609869,"remaining_time":0.7104764585},
{"learn":[0.6221369975],"iteration":24,"passed_time":0.2355171104,"remaining_time":0.7065513313},
{"learn":[0.6198513892],"iteration":25,"passed_time":0.2459463631,"remaining_time":0.7000011874},
{"learn":[0.6175571779],"iteration":26,"passed_time":0.2565050397,"remaining_time":0.6935136257},
{"learn":[0.6153589706],"iteration":27,"passed_time":0.2672966231,"remaining_time":0.6873341737},
{"learn":[0.6132168335],"iteration":28,"passed_time":0.2775276587,"remaining_time":0.6794642679},
{"learn":[0.611088607],"iteration":29,"passed_time":0.2873222123,"remaining_time":0.6704184953},
{"learn":[0.6089326021],"iteration":30,"passed_time":0.2982046504,"remaining_time":0.6637458347},
{"learn":[0.6068856559],"iteration":31,"passed_time":0.3079641588,"remaining_time":0.6544238373},
{"learn":[0.6048007018],"iteration":32,"passed_time":0.319382666,"remaining_time":0.6484435946},
{"learn":[0.6026873702],"iteration":33,"passed_time":0.3304917974,"remaining_time":0.6415429008},
{"learn":[0.6007104475],"iteration":34,"passed_time":0.3421185545,"remaining_time":0.6353630298},
{"learn":[0.5987216687],"iteration":35,"passed_time":0.3532508794,"remaining_time":0.6280015634},
{"learn":[0.596796964],"iteration":36,"passed_time":0.3631405732,"remaining_time":0.6183204355},
{"learn":[0.5950093958],"iteration":37,"passed_time":0.3714425063,"remaining_time":0.6060377734},
{"learn":[0.5931471815],"iteration":38,"passed_time":0.3810594922,"remaining_time":0.5960161288},
{"learn":[0.591268617],"iteration":39,"passed_time":0.3904972529,"remaining_time":0.5857458793},
{"learn":[0.5894297296],"iteration":40,"passed_time":0.3990855442,"remaining_time":0.574293832},
{"learn":[0.5876808113],"iteration":41,"passed_time":0.4098342514,"remaining_time":0.5659615853},
{"learn":[0.5858696166],"iteration":42,"passed_time":0.4186367474,"remaining_time":0.5549370837},
{"learn":[0.5841159473],"iteration":43,"passed_time":0.428389407,"remaining_time":0.5452228816},
{"learn":[0.5825286908],"iteration":44,"passed_time":0.4355385383,"remaining_time":0.5323248801},
{"learn":[0.5808598544],"iteration":45,"passed_time":0.4447763137,"remaining_time":0.522128716},
{"learn":[0.579150656],"iteration":46,"passed_time":0.4531579398,"remaining_time":0.5110078895},
{"learn":[0.5776894076],"iteration":47,"passed_time":0.4609182725,"remaining_time":0.4993281285},
{"learn":[0.5760216412],"iteration":48,"passed_time":0.4712695236,"remaining_time":0.4905050144},
{"learn":[0.5743921823],"iteration":49,"passed_time":0.4802359931,"remaining_time":0.4802359931},
{"learn":[0.5727936262],"iteration":50,"passed_time":0.4902792666,"remaining_time":0.4710526287},
{"learn":[0.5713356307],"iteration":51,"passed_time":0.4991063819,"remaining_time":0.4607135833},
{"learn":[0.569810351],"iteration":52,"passed_time":0.5081351396,"remaining_time":0.4506104068},
{"learn":[0.5683334372],"iteration":53,"passed_time":0.5170323705,"remaining_time":0.4404349822},
{"learn":[0.566955224],"iteration":54,"passed_time":0.525911496,"remaining_time":0.430291224},
{"learn":[0.5654872985],"iteration":55,"passed_time":0.5351489667,"remaining_time":0.4204741881},
{"learn":[0.5639794391],"iteration":56,"passed_time":0.5441404823,"remaining_time":0.4104919428},
{"learn":[0.5625032529],"iteration":57,"passed_time":0.55342903,"remaining_time":0.4007589527},
{"learn":[0.5610113585],"iteration":58,"passed_time":0.5631403903,"remaining_time":0.3913348475},
{"learn":[0.5596917836],"iteration":59,"passed_time":0.5723055832,"remaining_time":0.3815370555},
{"learn":[0.5582882318],"iteration":60,"passed_time":0.5810451191,"remaining_time":0.371487863},
{"learn":[0.5569175517],"iteration":61,"passed_time":0.5904410006,"remaining_time":0.3618831939},
{"learn":[0.5555307782],"iteration":62,"passed_time":0.600485089,"remaining_time":0.3526658459},
{"learn":[0.5541897168],"iteration":63,"passed_time":0.6105434988,"remaining_time":0.3434307181},
{"learn":[0.5528455737],"iteration":64,"passed_time":0.6199572057,"remaining_time":0.3338231107},
{"learn":[0.5515941818],"iteration":65,"passed_time":0.6294171122,"remaining_time":0.324245179},
{"learn":[0.5503448016],"iteration":66,"passed_time":0.6383736232,"remaining_time":0.3144228293},
{"learn":[0.54916476],"iteration":67,"passed_time":0.6478137768,"remaining_time":0.304853542},
{"learn":[0.5479342125],"iteration":68,"passed_time":0.6577920071,"remaining_time":0.2955297423},
{"learn":[0.5467094432],"iteration":69,"passed_time":0.6666559406,"remaining_time":0.2857096888},
{"learn":[0.5455109113],"iteration":70,"passed_time":0.6747045729,"remaining_time":0.275583558},
{"learn":[0.5444132202],"iteration":71,"passed_time":0.6842408939,"remaining_time":0.266093681},
{"learn":[0.5432588596],"iteration":72,"passed_time":0.6934352079,"remaining_time":0.2564760358},
{"learn":[0.5421397676],"iteration":73,"passed_time":0.7028642667,"remaining_time":0.2469523099},
{"learn":[0.5409631502],"iteration":74,"passed_time":0.7132171401,"remaining_time":0.2377390467},
{"learn":[0.5397849063],"iteration":75,"passed_time":0.7221904293,"remaining_time":0.2280601356},
{"learn":[0.5386400477],"iteration":76,"passed_time":0.7323749138,"remaining_time":0.2187613379},
{"learn":[0.5375958586],"iteration":77,"passed_time":0.7418234894,"remaining_time":0.2092322662},
{"learn":[0.5364498443],"iteration":78,"passed_time":0.7531271073,"remaining_time":0.200198345},
{"learn":[0.5353016044],"iteration":79,"passed_time":0.7640628814,"remaining_time":0.1910157203},
{"learn":[0.5342383258],"iteration":80,"passed_time":0.7736833723,"remaining_time":0.1814812849},
{"learn":[0.5332168215],"iteration":81,"passed_time":0.7844316593,"remaining_time":0.1721923155},
{"learn":[0.532203364],"iteration":82,"passed_time":0.7958016117,"remaining_time":0.1629955108},
{"learn":[0.531271144],"iteration":83,"passed_time":0.8045362414,"remaining_time":0.1532449984},
{"learn":[0.5302489122],"iteration":84,"passed_time":0.815918075,"remaining_time":0.1439855426},
{"learn":[0.5292999995],"iteration":85,"passed_time":0.8255714728,"remaining_time":0.134395356},
{"learn":[0.5283350363],"iteration":86,"passed_time":0.8362732435,"remaining_time":0.1249603697},
{"learn":[0.5274350031],"iteration":87,"passed_time":0.8462089934,"remaining_time":0.1153921355},
{"learn":[0.5265671568],"iteration":88,"passed_time":0.8566005219,"remaining_time":0.1058719746},
{"learn":[0.5256372481],"iteration":89,"passed_time":0.8665910898,"remaining_time":0.09628789887},
{"learn":[0.5247070826],"iteration":90,"passed_time":0.8770669289,"remaining_time":0.08674288307},
{"learn":[0.5237126718],"iteration":91,"passed_time":0.8881214377,"remaining_time":0.0772279511},
{"learn":[0.5227792962],"iteration":92,"passed_time":0.8983331453,"remaining_time":0.0676164733},
{"learn":[0.5218769518],"iteration":93,"passed_time":0.9092430077,"remaining_time":0.05803678773},
{"learn":[0.5210451016],"iteration":94,"passed_time":0.9186844736,"remaining_time":0.0483518144},
{"learn":[0.520231485],"iteration":95,"passed_time":0.9296531493,"remaining_time":0.03873554789},
{"learn":[0.519395312],"iteration":96,"passed_time":0.9412455384,"remaining_time":0.02911068676},
{"learn":[0.5185225435],"iteration":97,"passed_time":0.953083257,"remaining_time":0.01945067871},
{"learn":[0.5177270748],"iteration":98,"passed_time":0.9648091462,"remaining_time":0.009745546932},
{"learn":[0.516935073],"iteration":99,"passed_time":0.9754063376,"remaining_time":0}
]}